model,N,K,T,F_stat,F_dist_p_value,mean_abs_alpha,mean_abs_t_alpha,bootstrap_probability_level
(i),32,2,341,1.7809314920647987,0.007340320173991222,1.1614784493951,1.7890385185127258,
(ii),32,1,341,62.4405988997141,1.1102230246251565e-16,0.24273838965527117,6.507032478714625,
(iii),32,2,341,59.27542176279374,1.1102230246251565e-16,0.34000839012110395,6.337689050568228,
(iv),32,3,341,59.31086663393958,1.1102230246251565e-16,0.12406328769692923,5.9921647454166305,
(v),32,5,341,1.7405238284823188,0.00971143446724021,0.23618538515891613,1.1988778793163928,
