model,N,K,T,F_stat,F_dist_p_value,mean_abs_alpha,mean_abs_t_alpha,bootstrap_probability_level
(ii),32,1,341,62.4405988997141,1.1102230246251565e-16,0.24273838965527117,6.507032478714625,0.651
(iii),32,2,341,59.27542176279374,1.1102230246251565e-16,0.34000839012110395,6.337689050568228,0.04
(iv),32,3,341,59.31086663393958,1.1102230246251565e-16,0.12406328769692923,5.9921647454166305,0.01
