,RM-RF,RMO,SMB,HML,TERM,DEF
RM-RF,1.0,0.9090677618118884,0.315108418212029,-0.1991890232669241,0.1549337540696886,0.15390575381358026
RMO,0.9090677618118884,1.0,-4.4278506621140724e-16,-1.4840872038913704e-16,4.1619907540225285e-16,1.0288471895168448e-16
SMB,0.315108418212029,-4.4278506621140724e-16,1.0,0.05706476853095959,0.03192273288152449,0.0854295354649417
HML,-0.1991890232669241,-1.4840872038913704e-16,0.05706476853095959,1.0,-0.030773024393814827,0.02817294671583077
TERM,0.1549337540696886,4.1619907540225285e-16,0.03192273288152449,-0.030773024393814827,1.0,0.3570457948637989
DEF,0.15390575381358026,1.0288471895168448e-16,0.0854295354649417,0.02817294671583077,0.3570457948637989,1.0
