test_name,N,K,T,F_stat,p_value,mean_abs_alpha,mean_abs_t_alpha
Stocks_3Factor,25,3,341,1.449266431979084,0.07915576015047998,0.12062767050402425,1.1103689702341675
Stocks_5Factor,25,5,341,1.7871175366582404,0.013098081649833615,0.30121544728257055,1.119529383899032
Bonds_2Factor,7,2,341,1.7374547503620046,0.09944032638827804,0.004696376319094719,1.7720737547555157
Bonds_5Factor,7,5,341,1.3704110175736,0.21698635548134793,0.003935163288721953,1.4822653629498248
All_5Factor,32,5,341,1.7405238284823195,0.009711434467240099,0.23618538515891613,1.1988778793163928
All_SMBHML,32,2,341,59.27542176279374,1.1102230246251565e-16,0.34000839012110395,6.337689050568228
